gatunek;waga;dlugosc;predkosc;habitat;zywotnosc;druzyna
Tygrys;300;2.5;60;Azja;25;Kot
Lew;200;2;80;Afryka;29;Kot
Jaguar;100;1.7;90;Ameryka;15;Kot
Puma;80;1.7;70;Ameryka;13;Kot
Leopard;70;1.4;85;Azja;21;Kot
Gepard;60;1.4;115;Afryka;12;Kot
Irbis;50;1.3;65;Azja;18;Kot
Jerzyk;0.05;0.2;170;Euroazja;20;Ptak
Strus;150;2.5;70;Afryka;45;Ptak
Orzel przedni;5;0.9;160;Polnoc;20;Ptak
Sokol wedrowny;0.7;0.5;110;Polnoc;15;Ptak
Sokol norweski;2;0.7;100;Polnoc;20;Ptak
Albatros;4;0.8;120;Poludnie;50;Ptak
